帖子链接,用户昵称,用户ID,发布时间
https://weibo.com/7457977808/QFLZMlV2S?refer_flag=1001030103_,真井川奈,7457977808,05月17日 13:48
https://weibo.com/7617435294/R06GsieWy?refer_flag=1001030103_,萌兔波多里ovo,7617435294,05月19日 11:59
https://weibo.com/6105713761/R0i6xzz9o?refer_flag=1001030103_,红星新闻,6105713761,05月20日 17:04
https://weibo.com/8221446808/QFM4u012f?refer_flag=1001030103_,ovoye耶_,8221446808,05月17日 13:59
https://weibo.com/7967873615/QEC1VCb4p?refer_flag=1001030103_,剧评达人,7967873615,05月09日 22:35
https://weibo.com/1670579494/QEMALpYrp?refer_flag=1001030103_,主持人阿喆,1670579494,05月11日 01:29
https://weibo.com/7506385927/R0PEMmArk?refer_flag=1001030103_,一颗娱星,7506385927,05月24日 06:29
https://weibo.com/2483311515/R05TvdUwZ?refer_flag=1001030103_,幸运的小安奈,2483311515,05月19日 09:59
https://weibo.com/7645917694/R1suLCMic?refer_flag=1001030103_,无忧亊,7645917694,05月28日 09:21
https://weibo.com/4046698473/QEf61h4QI?refer_flag=1001030103_,幸运独角兽的日食记,4046698473,05月07日 12:12
https://weibo.com/6192247898/QE8Fg4xps?refer_flag=1001030103_,歌且行风长吟·,6192247898,05月06日 19:50
https://weibo.com/4050801674/R0Sg5mJkg?refer_flag=1001030103_,不说柚子话,4050801674,05月24日 13:06
https://weibo.com/6392708119/R0RJyl27S?refer_flag=1001030103_,导筒directube,6392708119,05月24日 11:46
https://weibo.com/2096648747/QEfgY6ixX?refer_flag=1001030103_,吱吱宝贝哇,2096648747,05月07日 12:39
https://weibo.com/7273525153/R0g9fkqGA?refer_flag=1001030103_,准备的勇气啊退路啊都自作多情,7273525153,05月20日 12:05
https://weibo.com/3879323599/R169de4hx?refer_flag=1001030103_,ks吉米,3879323599,05月26日 00:28
https://weibo.com/5674816035/QEfjtrrkg?refer_flag=1001030103_,藏金小萌马,5674816035,05月07日 12:45
https://weibo.com/1926412384/QF8ofFdZO?refer_flag=1001030103_,每天幸运一点点的小幸运,1926412384,05月13日 08:58
https://weibo.com/7924458841/QFUVNEeXP?refer_flag=1001030103_,泥小膜,7924458841,05月18日 12:33
https://weibo.com/5044281310/QD9MRtiy7?refer_flag=1001030103_,澎湃新闻,5044281310,04月30日 08:51
https://weibo.com/1916122707/QFht3qqSj?refer_flag=1001030103_,秀秀的小米粒,1916122707,05月14日 08:05
https://weibo.com/3213394787/R00KofY31?refer_flag=1001030103_,耍帅小螃蟹,3213394787,05月18日 20:53
https://weibo.com/8005211644/QFOlgsRs7?refer_flag=1001030103_,时光缓存区,8005211644,05月17日 19:46
https://weibo.com/6744434092/QFTdG4Wqi?refer_flag=1001030103_,·有里知花·,6744434092,05月18日 08:11
https://weibo.com/1407365952/R1cneBIR1?refer_flag=1001030103_,自在·吴铭,1407365952,05月26日 16:19
https://weibo.com/6211037727/QFTZNkZ8l?refer_flag=1001030103_,琪祯亿宝,6211037727,05月18日 10:10
https://weibo.com/1078779184/R0g3JFCDg?refer_flag=1001030103_,厚恩投资张延昆,1078779184,05月20日 11:52
https://weibo.com/7517000619/QFk4Udmqg?refer_flag=1001030103_,圈内怪兽园,7517000619,05月14日 14:44
https://weibo.com/3573923802/QFV7JFAvi?refer_flag=1001030103_,蘑菇的记录,3573923802,05月18日 13:02
https://weibo.com/7563525729/QFk44cY2u?refer_flag=1001030103_,鲸见渊_,7563525729,05月14日 14:41
https://weibo.com/1923237421/R0qIx70wM?refer_flag=1001030103_,广州铁路,1923237421,05月21日 15:00
https://weibo.com/6733356049/QF81Eakd8?refer_flag=1001030103_,小怡夏日恋啵记,6733356049,05月13日 08:03
https://weibo.com/7362680917/R0gOYliiM?refer_flag=1001030103_,苏小满呀,7362680917,05月20日 13:48
https://weibo.com/6094116037/QF98srWtm?refer_flag=1001030103_,彩彩嘛馁,6094116037,05月13日 10:52
https://weibo.com/6611907227/QFBJmfBnP?refer_flag=1001030103_,_吃了又吃-_77,6611907227,05月16日 11:40
https://weibo.com/2482543864/QEAjofUZV?refer_flag=1001030103_,小生洛格,2482543864,05月09日 18:13
https://weibo.com/2396141933/QFGtNevsh?refer_flag=1001030103_,汕头吃喝玩乐,2396141933,05月16日 23:45
https://weibo.com/7854406899/R1iuEEB8O?refer_flag=1001030103_,抱抱小日常,7854406899,05月27日 07:54
https://weibo.com/2089531665/QFklQ0Vfl?refer_flag=1001030103_,黄头发的小疯子,2089531665,05月14日 15:25
https://weibo.com/1720962692/R0CS6he9A?refer_flag=1001030103_,极目新闻,1720962692,05月22日 21:56
https://weibo.com/1925723352/R09gLfcx3?refer_flag=1001030103_,木易movie,1925723352,05月19日 18:34
https://weibo.com/1865229057/QFn9KqAaf?refer_flag=1001030103_,ID103683,1865229057,05月14日 22:34
https://weibo.com/7754179735/QEJ1Wp6S2?refer_flag=1001030103_,EarsChooseLove_茉莉,7754179735,05月10日 16:25
https://weibo.com/2164376267/R0fGe5t3x?refer_flag=1001030103_,星闻快递,2164376267,05月20日 10:54
https://weibo.com/5691604234/QFKi1nMJL?refer_flag=1001030103_,瘦子說,5691604234,05月17日 09:27
https://weibo.com/6061061271/QERyAFpLa?refer_flag=1001030103_,迪庆冷空气,6061061271,05月11日 14:07
https://weibo.com/7161089297/QDx9GyG9R?refer_flag=1001030103_,每天都要好好吃饭_0_,7161089297,05月02日 20:20
https://weibo.com/7161089297/QDx9GyG9R?refer_flag=1001030103_,每天都要好好吃饭_0_,7161089297,05月02日 20:20
https://weibo.com/1245662763/R0hPkhMrv?refer_flag=1001030103_,叮铃铃的猫窝,1245662763,05月20日 16:22
https://weibo.com/5788952642/R13V1pmDk?refer_flag=1001030103_,刘哈哈爱追剧,5788952642,05月25日 18:47
https://weibo.com/5990887525/R1gJ6fyVy?refer_flag=1001030103_,爱电影的小菇靓,5990887525,05月27日 03:24
https://weibo.com/5124163474/R0c2c6dkA?refer_flag=1001030103_,娱糕冷的作品,5124163474,05月20日 01:37
https://weibo.com/1402977920/R0yv3kodV?refer_flag=1001030103_,光明日报,1402977920,05月22日 10:48
https://weibo.com/1845864154/QFhPyhC0J?refer_flag=1001030103_,看看新闻Knews,1845864154,05月14日 09:00
https://weibo.com/7483753912/R0Tm0uxS4?refer_flag=1001030103_,体圈蜜蜂,7483753912,05月24日 15:54
https://weibo.com/5712611857/R0aOaBX5b?refer_flag=1001030103_,不别扭阿叉,5712611857,05月19日 22:29
https://weibo.com/7902637899/QFOGymfgI?refer_flag=1001030103_,苹什喵喵喵,7902637899,05月17日 20:39
https://weibo.com/7858805827/QEBu8vuuB?refer_flag=1001030103_,昏在了饺子堆,7858805827,05月09日 21:12
https://weibo.com/6351319143/QEaBqrHiU?refer_flag=1001030103_,雪梨ibx,6351319143,05月07日 00:46
https://weibo.com/1988310485/R1sJ9qzzl?refer_flag=1001030103_,RIO锐澳鸡尾酒,1988310485,05月28日 09:57
https://weibo.com/1286891293/QD1osySAG?refer_flag=1001030103_,草原900,1286891293,04月29日 11:29
